Tarefa,Interface,Avaliador,Concluiu sem ajuda (s/n),Passos de interação,Erros,Observacao
Localizar Madeira e abrir o contexto do recurso,HUD atual,agente,s,1,0,"Menu ""Gestão de Madeira"" com dados reais da partida e ações (focar bosque, construir serraria)"
Localizar Madeira e abrir o contexto do recurso,PoC,agente,s,1,0,"Painel Economia abre com +12/min; números ilustrativos e sem ações reais"
Selecionar um aldeão ocioso,HUD atual,agente,s,1,0,"Um clique em ""Ocioso"" seleciona um aldeão ocioso real"
Selecionar um aldeão ocioso,PoC,agente,n,1,1,"Só mostra a contagem (6 disponíveis); não seleciona nenhum aldeão"
Encontrar e abrir catálogo ou busca,HUD atual,agente,s,2,0,"Botão Catálogo (K) abre o diálogo; Esc fecha (2 passos incluindo o fechamento)"
Encontrar e abrir catálogo ou busca,PoC,agente,s,3,0,"Buscar, digitar o termo, Esc; a busca acha uma entrada de catálogo de edifícios, sem índice real do catálogo do jogo"
Abrir o mapa-múndi e localizar outra ilha,HUD atual,agente,n,2,1,"Mapa abre, mas só a ilha natal está descoberta; outra ilha só aparece depois de explorada (comportamento esperado da névoa)"
Abrir o mapa-múndi e localizar outra ilha,PoC,agente,s,1,0,"Lista 4 localidades, porém com nomes e relações ilustrativos"
Encontrar uma localidade e voltar ao foco anterior,PoC (sem equivalente no HUD atual),agente,s,3,0,"Marca no minimapa e Limpar foco remove; não restaura um foco anterior, só limpa; o foco não move a câmera"
Executar um comando em lote e desfazê-lo,PoC (sem equivalente no HUD atual),agente,s,5,0,"Prefixo ! na busca, prévia dos 3 alvos, confirmar e desfazer; ilustrativo, sem ordem real"
Abrir o radial / usar um comando e fechar com Esc,PoC (sem equivalente no HUD atual),agente,s,4,0,"Radial abre, Alternar minimapa executa, Esc fecha"
Minimizar o HUD e restaurar,PoC (sem equivalente no HUD atual),agente,s,3,0,"Radial > Modo minimalista; botão Mostrar HUD (Alt+H) restaura"
Desfazer uma mudança de painel com Ctrl/Cmd+Z e refazer com Shift+Z,PoC (sem equivalente no HUD atual),agente,s,5,1,"Ctrl+Z desfaz e Ctrl+Shift+Z refaz; Shift+Z sozinho não refaz (o enunciado diz Shift+Z)"
