Tarefa,Interface,Concluiu sem ajuda (s/n),Tempo (s),Erros,Facilidade (1-5),Observacao
Localizar Madeira e abrir o contexto do recurso,HUD atual,,,,,
Localizar Madeira e abrir o contexto do recurso,PoC,,,,,
Selecionar um aldeão ocioso,HUD atual,,,,,
Selecionar um aldeão ocioso,PoC,,,,,
Encontrar e abrir catálogo ou busca,HUD atual,,,,,
Encontrar e abrir catálogo ou busca,PoC,,,,,
Abrir o mapa-múndi e localizar outra ilha,HUD atual,,,,,
Abrir o mapa-múndi e localizar outra ilha,PoC,,,,,
Encontrar uma localidade e voltar ao foco anterior,PoC (sem equivalente no HUD atual),,,,,
Executar um comando em lote e desfazê-lo,PoC (sem equivalente no HUD atual),,,,,
Abrir o radial / usar um comando e fechar com Esc,PoC (sem equivalente no HUD atual),,,,,
Minimizar o HUD e restaurar,PoC (sem equivalente no HUD atual),,,,,
Desfazer uma mudança de painel com Ctrl/Cmd+Z e refazer com Shift+Z,PoC (sem equivalente no HUD atual),,,,,
